filename,class
000.jpg,0
001.jpg,0
002.jpg,0
003.jpg,0
004.jpg,0
005.jpg,0
006.jpg,0
007.jpg,0
008.jpg,0
009.jpg,0
010.jpg,0
011.jpg,0
012.jpg,0
013.jpg,0
014.jpg,0
015.jpg,0
016.jpg,0
017.jpg,0
018.jpg,0
019.jpg,0
020.jpg,0
021.jpg,0
022.jpg,0
023.jpg,0
024.jpg,0
025.jpg,0
026.jpg,0
027.jpg,0
028.jpg,0
029.jpg,0
030.jpg,0
031.jpg,0
032.jpg,0
033.jpg,0
034.jpg,0
035.jpg,0
036.jpg,0
037.jpg,0
038.jpg,0
039.jpg,0
040.jpg,0
041.jpg,0
042.jpg,0
043.jpg,0
044.jpg,0
045.jpg,0
046.jpg,0
047.jpg,0
048.jpg,0
049.jpg,0
049.jpg,1
050.jpg,1
051.jpg,1
052.jpg,1
053.jpg,1
054.jpg,1
055.jpg,1
056.jpg,1
057.jpg,1
058.jpg,1
059.jpg,1
060.jpg,1
061.jpg,1
062.jpg,1
063.jpg,1
064.jpg,1
065.jpg,1
066.jpg,1
067.jpg,1
068.jpg,1
069.jpg,1
070.jpg,1
071.jpg,1
072.jpg,1
073.jpg,1
074.jpg,1
075.jpg,1
076.jpg,1
077.jpg,1
078.jpg,1
079.jpg,1
080.jpg,1
081.jpg,1
082.jpg,1
083.jpg,1
084.jpg,1
085.jpg,1
086.jpg,1
087.jpg,1
088.jpg,1
089.jpg,1
090.jpg,1
091.jpg,1
092.jpg,1
093.jpg,1
094.jpg,1
095.jpg,1
096.jpg,1
097.jpg,1
098.jpg,1
099.jpg,1
100.jpg,1
101.jpg,2
102.jpg,2
103.jpg,2
104.jpg,2
105.jpg,2
106.jpg,2
107.jpg,2
108.jpg,2
109.jpg,2
110.jpg,2
111.jpg,2
112.jpg,2
113.jpg,2
114.jpg,2
115.jpg,2
116.jpg,2
117.jpg,2
118.jpg,2
119.jpg,2
120.jpg,2
121.jpg,2
122.jpg,2
123.jpg,2
124.jpg,2
125.jpg,2
126.jpg,2
127.jpg,2
128.jpg,2
129.jpg,2
130.jpg,2
131.jpg,2
132.jpg,2
133.jpg,2
134.jpg,2
135.jpg,2
136.jpg,2
137.jpg,2
138.jpg,2
139.jpg,2
140.jpg,2
141.jpg,2
142.jpg,2
143.jpg,2
144.jpg,2
145.jpg,2
146.jpg,2
147.jpg,2
148.jpg,2
149.jpg,2
150.jpg,2
151.jpg,2
152.jpg,3
153.jpg,3
154.jpg,3
155.jpg,3
156.jpg,3
157.jpg,3
158.jpg,3
159.jpg,3
160.jpg,3
161.jpg,3
162.jpg,3
163.jpg,3
164.jpg,3
165.jpg,3
166.jpg,3
167.jpg,3
168.jpg,3
169.jpg,3
170.jpg,3
171.jpg,3
172.jpg,3
173.jpg,3
174.jpg,3
175.jpg,3
176.jpg,3
177.jpg,3
178.jpg,3
179.jpg,3
180.jpg,3
181.jpg,3
182.jpg,3
183.jpg,3
184.jpg,3
185.jpg,3
186.jpg,3
187.jpg,3
188.jpg,3
189.jpg,3
190.jpg,3
191.jpg,3
192.jpg,3
193.jpg,3
194.jpg,3
195.jpg,3
196.jpg,3
197.jpg,3
198.jpg,3
199.jpg,3
200.jpg,3
201.jpg,3
202.jpg,4
203.jpg,4
204.jpg,4
205.jpg,4
206.jpg,4
207.jpg,4
208.jpg,4
209.jpg,4
210.jpg,4
211.jpg,4
212.jpg,4
213.jpg,4
214.jpg,4
215.jpg,4
216.jpg,4
217.jpg,4
218.jpg,4
219.jpg,4
220.jpg,4
221.jpg,4
222.jpg,4
223.jpg,4
224.jpg,4
225.jpg,4
226.jpg,4
227.jpg,4
228.jpg,4
229.jpg,4
230.jpg,4
231.jpg,4
232.jpg,4
233.jpg,4
234.jpg,4
235.jpg,4
236.jpg,4
237.jpg,4
238.jpg,4
239.jpg,4
240.jpg,4
241.jpg,4
242.jpg,4
243.jpg,4
244.jpg,4
245.jpg,4
246.jpg,4
247.jpg,4
248.jpg,4
249.jpg,4
250.jpg,4
251.jpg,4
